,MAE,MSE,RMSE,R2 Score
Linear Regression,39326.097182293866,2618139307.1233726,51167.75651837173,0.7291512178250827
Ridge Regression,39240.13753598097,2618429291.201337,51170.59010018681,0.7291212187206986
Random Forest,37994.7035,2501139439.6123366,50011.39309809652,0.7412549555993758
