,MAE,MSE,RMSE,R2 Score
Linear Regression,39114.04431894009,2605046690.5970464,51039.658018026006,0.7305056603606614
Ridge Regression,39030.19872308144,2605598387.4874535,51045.06232229963,0.7304485868388325
Random Forest,38166.3636,2504454325.666506,50044.523433303926,0.740912027761893
